OBJECTID,LAD21CD,LAD21NM,LAD21NMW,BNG_E,BNG_N,LONG,LAT,GlobalID,Shape__Area,Shape__Length
1,E06000001,Hartlepool,,447160,531474,-1.27018,54.67614,cb7275ce-d16e-45f7-8e7d-33032fb9df9d,93717029.9077454,70995.7229330667
2,E06000002,Middlesbrough,,451141,516887,-1.21099,54.54467,6598062e-357c-4e8d-b117-5d6de45f75b7,53881562.6282043,44481.4413849519
3,E06000003,Redcar and Cleveland,,464361,519597,-1.00608,54.56752,b23f8b9b-4d88-4c21-80d6-8041e2910ef2,245069509.42363,96704.03152538
4,E06000004,Stockton-on-Tees,,444940,518183,-1.30664,54.55691,64624aef-6611-4e3c-bba8-870b0b889e1d,204932952.709305,123408.788095676
5,E06000005,Darlington,,428029,515648,-1.56835,54.53534,310b13b3-f45f-452b-88f1-ddd48c1992f5,197477768.128265,107203.152334417
6,E06000006,Halton,,354246,382146,-2.68853,53.33424,0f81c5f1-a69a-4c2e-add0-85cd315dd8d9,79084032.6157074,77770.9338001435
7,E06000007,Warrington,,362744,388456,-2.56167,53.39163,a5098d1c-1355-429e-ad1d-1b1fdb6a8188,180627982.923309,114690.68684576
8,E06000008,Blackburn with Darwen,,369490,422806,-2.4636,53.7008,66fa48fa-e6ad-471b-9f2d-afb74c19ef5a,137022079.422363,65284.9523177376
9,E06000009,Blackpool,,332819,436635,-3.02199,53.82164,5a10b263-24d3-418d-b649-811aa5a20fe5,34870886.4498138,34483.4799655354
"10,E06000010,""Kingston upon Hull, City of"",,511894,431650,-0.30382,53.7692,f8bf6292-6936-42eb-978f-02ea8b41b1ac,71583611.1152496,64681.1040782761"
11,E06000011,East Riding of Yorkshire,,488056,443597,-0.66195,53.88112,57643841-534b-4dc0-97cd-3cf764adf9d3,2404771586.81244,504081.639206162
12,E06000012,North East Lincolnshire,,523465,404564,-0.13911,53.52327,fa7e60aa-9547-44e4-ab83-8adef2277999,192622955.912338,93248.4865198871
13,E06000013,North Lincolnshire,,497800,410993,-0.52407,53.58643,ec102f64-c86e-4a2f-be7d-096458031b23,846540130.357376,244547.837491271
14,E06000014,York,,460864,452589,-1.07375,53.96582,4c04f35f-05ac-4b2c-98f3-dd2e3b09961f,271931825.230118,101947.387733638
15,E06000015,Derby,,435609,335375,-1.47189,52.91464,20bd00a0-70ce-4049-baf9-be75c785b81c,78031123.6711121,50037.5273504427
16,E06000016,Leicester,,458946,304594,-1.1304,52.63592,5568de20-a417-4883-a339-57e580a2e7d2,73342071.6983032,51931.7073368346
17,E06000017,Rutland,,492992,308655,-0.6263,52.66765,322a8b38-db0f-4810-9d07-d2097dfe5eed,393748906.930069,125884.932019303
18,E06000018,Nottingham,,456082,339969,-1.16667,52.95419,8a4398ee-799d-4f61-a8c2-36b125a3c502,74613555.3421631,58724.0327675763
"19,E06000019,""Herefordshire, County of"",,349434,242834,-2.73931,52.08154,4589fbf4-dd74-4000-8c8e-7e27323c95ed,2179709442.72866,349889.259975134"
20,E06000020,Telford and Wrekin,,367035,313057,-2.48941,52.71417,bb317c8c-2cf3-402f-93bf-673032df9235,290313543.526337,118779.656757853
21,E06000021,Stoke-on-Trent,,389438,346652,-2.15888,53.01707,0fdbfcf0-7c27-4ac6-83b5-73c72078c61e,93448482.2061844,63974.4506512752
22,E06000022,Bath and North East Somerset,,366217,161999,-2.48654,51.35604,66865642-6ec1-4863-8d3c-c49e1ff44c1f,351123212.497639,141684.569708064
"23,E06000023,""Bristol, City of"",,359990,174846,-2.57742,51.47115,93d23a73-1d04-47ce-930e-2aeef1e55133,109666791.496761,108825.701912383"
24,E06000024,North Somerset,,347614,166718,-2.75438,51.39706,794e755d-4750-4af6-9e40-f6539a137ed5,374637225.937637,154770.171247745
25,E06000025,South Gloucestershire,,367559,183198,-2.46922,51.54673,78b6ec1d-4f86-4b0f-b100-10adabf61f94,497050934.270977,142552.756769387
26,E06000026,Plymouth,,249945,58255,-4.11297,50.40494,989553f2-31e9-4f5d-9b67-bcfe4479e749,79849713.8688736,92645.2859471134
27,E06000027,Torbay,,289730,64613,-3.55523,50.47092,9fcad8a4-3c67-4fb1-bbf5-ccd357671d48,62886694.4638176,77910.7009953355
28,E06000030,Swindon,,418551,186564,-1.73367,51.57763,41c2f1ec-fce3-4c6d-b02c-6481777a47de,230093376.535385,103014.619569825
29,E06000031,Peterborough,,517372,300777,-0.26874,52.59214,55bf3e97-4f74-482b-a79f-2c92730c2038,343378156.971542,112677.967206289
30,E06000032,Luton,,508606,222559,-0.42319,51.89102,79c0aa4f-ab98-439a-a448-f82a0b9730fe,43352491.4350586,34569.6026266023
31,E06000033,Southend-on-Sea,,587777,186837,0.706923,51.54917,bad8ff22-32f0-497e-83c6-03a876da3c66,41673935.6801987,57783.2533781421
32,E06000034,Thurrock,,562123,181590,0.334861,51.50998,435a6a6d-2a8e-405c-ad34-5d4f1e50f3fa,163837050.322235,115992.128205902
33,E06000035,Medway,,578207,175198,0.563174,51.44772,51e57a1d-1527-433a-ab08-80a425c48766,193714249.225189,249514.824763325
34,E06000036,Bracknell Forest,,488169,168792,-0.73363,51.4113,fd5a15be-4bb5-413d-bd69-40e30d8833f3,109384214.697464,62507.9039338433
35,E06000037,West Berkshire,,450575,172095,-1.27364,51.44559,b49b1b07-c8a9-428d-b628-f48af1d5711c,704169399.468628,166801.583097447
36,E06000038,Reading,,470226,173154,-0.99071,51.45302,814de86e-b551-4816-97d1-0499e66f9854,40397992.5604858,39330.6369676028
37,E06000039,Slough,,498920,179246,-0.57617,51.5035,29705d23-d6b7-4585-9472-4302c8c61f71,32542009.0507278,44181.393234306
38,E06000040,Windsor and Maidenhead,,492079,176541,-0.67541,51.48034,d6acbe08-d980-4946-b59b-0e562d7da067,198427168.806099,114829.071707676
39,E06000041,Wokingham,,476624,169902,-0.89935,51.42296,ba1546ac-734b-4e3a-8131-2fb9d691e414,178965482.695686,86865.5899032165
40,E06000042,Milton Keynes,,486408,242308,-0.7407,52.07241,00e4bbdb-fa4f-47fc-b8d9-8f424b99a570,308626791.319244,102960.289818815
41,E06000043,Brighton and Hove,,530279,106850,-0.15079,50.8465,a164727a-edd7-4327-a842-5e249206fbe9,82832959.1101494,59519.3844052793
42,E06000044,Portsmouth,,465619,101352,-1.07006,50.808,fe9bf186-8bae-402d-bf8a-0bf597b65e8b,40389409.3058968,62643.7894850186
43,E06000045,Southampton,,442303,113700,-1.39952,50.9212,aea3bb30-eb49-4d63-9793-12ae168495e2,49880646.9901733,61543.9971629535
44,E06000046,Isle of Wight,,447183,85949,-1.33366,50.67129,7884f023-974c-4c9f-93b4-13d23ee671bd,379620110.598179,210138.376351727
45,E06000047,County Durham,,410381,532242,-1.8405,54.68513,5618c9e7-9f46-4f16-addc-958958771a5e,2231457246.64323,315062.780589158
46,E06000049,Cheshire East,,380510,363462,-2.29299,53.16793,a26ad46d-3cb7-4e43-a75d-480e8ae04136,1166357380.99322,301224.749702643
47,E06000050,Cheshire West and Chester,,353097,363145,-2.70298,53.16336,f1bc3739-a8dd-4f13-80ec-583ccefb74ef,920018000.24791,335614.811839086
48,E06000051,Shropshire,,350227,302960,-2.73667,52.62212,32d4acec-2e41-4836-b200-28d1ce728c0c,3197275382.07484,580649.357727217
49,E06000052,Cornwall,,212497,64493,-4.64254,50.45022,b6a1057e-84f3-4a94-8d44-6ace61730b53,3548939236.523,1241734.32056245
50,E06000053,Isles of Scilly,,91327,11447,-6.30217,49.92332,d0861ad1-49ad-46b5-9644-a7d75b98bd23,16317753.9529238,117979.339046542
51,E06000054,Wiltshire,,405209,158863,-1.92661,51.32883,fefee50b-53bd-487d-878d-3a7c4071b0b5,3255338119.79789,402006.286759092
52,E06000055,Bedford,,505721,256463,-0.45463,52.19628,f09f7b1f-80b3-4b87-b72f-c15a7315532d,476408301.257416,131721.083517931
53,E06000056,Central Bedfordshire,,504615,234492,-0.47754,51.99903,6e60be3c-b4e0-417f-9329-05f098a442b7,715665302.187256,232692.316778813
54,E06000057,Northumberland,,395322,600699,-2.07523,55.30037,11b7e0c4-018e-468c-8e2f-f28028b6f732,5032268631.47464,605421.993540234
"55,E06000058,""Bournemouth, Christchurch and Poole"",,410815,94066,-1.84807,50.74609,8b1709cc-b589-4e01-a05c-4618b45c72ae,162070068.522686,169171.62978486"
56,E06000059,Dorset,,370871,99796,-2.41467,50.79697,b6a9ae1a-82ff-4f08-ae79-8c96c406603a,2490956587.08974,594357.656718231
57,E06000060,Buckinghamshire,,482506,208561,-0.80569,51.76966,cc202eda-c5c3-4706-b85b-a6d3bcc43214,1564949149.76157,361852.64071749
58,E06000061,North Northamptonshire,,493590,281718,-0.62504,52.42546,91cf41c4-d5a6-4006-85ec-cdba53037def,986594568.073196,210629.48617394
59,E06000062,West Northamptonshire,,467187,263879,-1.01682,52.26898,c8251083-3024-4e7f-945c-70d15e73b6ea,1380395592.6176,263792.05395224
60,E07000008,Cambridge,,545420,257901,0.126436,52.20017,3fffae5d-47f8-492b-bc28-c1aded16cf7b,40698797.9441071,37170.3582136235
61,E07000009,East Cambridgeshire,,555576,275765,0.283149,52.35788,70c50c58-1eea-4b18-92ab-b81692c59d97,651286027.253616,234187.5969078
62,E07000010,Fenland,,536361,294959,0.009016,52.53544,6dbd3ad0-956d-412e-bb07-2734863b84d3,546450060.729355,187881.713009129
63,E07000011,Huntingdonshire,,521008,274269,-0.2247,52.35315,376df539-a872-416e-9c10-523911dea135,912455234.171478,223337.672178387
64,E07000012,South Cambridgeshire,,543295,247586,0.091017,52.10805,cb46a6d2-c7df-4f97-aadc-5b1f16fcb593,901624805.657982,257078.047542401
65,E07000026,Allerdale,,317520,532997,-3.2809,54.68524,a3d16224-11f9-46fa-9808-43ec0646a97b,1258309834.54111,326488.823591255
66,E07000027,Barrow-in-Furness,,321741,474165,-3.1999,54.15731,d528b784-8b3c-47c6-bbb8-fba240cb5ae7,77896997.2633057,146480.666517635
67,E07000028,Carlisle,,348576,565154,-2.80498,54.97833,ac4ff3e8-0619-4169-84d2-4efb970c4878,1038297606.56947,278392.319321427
68,E07000029,Copeland,,310871,508739,-3.37664,54.46617,1057d855-30d3-48c8-b717-800702803f85,737632448.411469,252311.325634392
69,E07000030,Eden,,359636,526396,-2.62678,54.63107,0729a3e8-b269-4ad4-8fb3-9b7e2db74640,2156471321.4138,268743.656802272
70,E07000031,South Lakeland,,349265,489555,-2.78108,54.29908,9ce2d987-0308-4f68-a23b-cee9559ff565,1554926441.63846,381795.002097405
71,E07000032,Amber Valley,,436166,348084,-1.46219,53.02884,6165d8fc-bed8-426f-b36f-ec015ff4a2ce,265437866.790695,109036.161822696
72,E07000033,Bolsover,,448666,371548,-1.27228,53.23875,3242208c-7848-4252-acfd-0c83ecc24b6a,160334646.961426,96239.0059795534
73,E07000034,Chesterfield,,440049,373359,-1.40115,53.25575,a25f194d-5898-4f0e-a725-23415db0c8c2,66035293.2658386,52617.6461927633
74,E07000035,Derbyshire Dales,,419697,358493,-1.70711,53.12326,d7fd703c-7e0a-4776-ac3e-84d952c35c8b,795318060.803596,245475.146246716
75,E07000036,Erewash,,443721,338063,-1.3509,52.9382,1ea003ab-fc1a-425f-9d27-f48f1eda89ab,109630045.589233,73547.4074227637
76,E07000037,High Peak,,410474,387660,-1.84398,53.38569,38441d87-3b68-4bf4-9fdd-87b232172fa0,540254002.914841,159632.653793227
77,E07000038,North East Derbyshire,,437369,362955,-1.44253,53.16243,ee8a55c7-8002-47ba-bfad-0934813a054c,275623525.416367,161243.41863516
78,E07000039,South Derbyshire,,431443,325363,-1.5348,52.8249,23d73db3-46b1-4369-90e8-1a018dbc62e0,338126971.197563,166692.971482608
79,E07000040,East Devon,,313790,96050,-3.22359,50.7576,e64f9601-cc05-4a7a-a860-6f7fcac796c6,814245109.40111,219476.408977675
80,E07000041,Exeter,,293239,92005,-3.51368,50.71782,d262e7d9-3f6d-4c4a-960a-6929a8bf2457,47033024.8363476,50238.1722506895
81,E07000042,Mid Devon,,288064,108911,-3.59212,50.86882,3db35dd8-cb1e-4180-8fe1-9aa327e73e63,912900111.710012,246269.426737415
82,E07000043,North Devon,,265110,132532,-3.92691,51.07621,e814af78-e765-41cf-b2f3-053898b13f5a,1085882521.46541,321532.693545984
83,E07000044,South Hams,,270676,54036,-3.81996,50.37195,ff751d74-6efa-4da0-b827-5b0a8aa2ff0d,886546850.814631,478794.084791166
84,E07000045,Teignbridge,,283144,80205,-3.65289,50.60981,ab1c6b7c-8ed5-4ad5-ae0b-a18ce60cd819,673759657.17375,191473.55603965
85,E07000046,Torridge,,244206,114334,-4.21728,50.90739,15f32cb0-2bc0-49e3-bb4f-c9111587376d,985258200.613039,316930.37083844
86,E07000047,West Devon,,256376,86990,-4.03361,50.66481,85ff4c97-a90e-4a2a-8e4a-a8b37aa4a724,1161110805.24189,254096.666464398
87,E07000061,Eastbourne,,559339,99575,0.258516,50.77387,886343ba-6224-45b7-959d-460f56e04a04,44161432.4139519,38032.2757954579
88,E07000062,Hastings,,581528,110694,0.578395,50.86724,2734154d-9935-42a7-ba10-cc510c614168,29796092.2546616,34102.0632489635
89,E07000063,Lewes,,541474,105686,0.007671,50.83341,80c27872-a930-4e42-8012-8bb7cf54af11,292106799.086739,168359.743837342
90,E07000064,Rother,,578721,119666,0.542937,50.94871,bb2975dc-576d-4e2f-b4c7-01e2481b1063,511753822.423019,180531.859680316
91,E07000065,Wealden,,555048,117180,0.205156,50.93322,d6170e3e-06f3-46db-bac9-b598861a7577,834948412.071953,225877.835372193
92,E07000066,Basildon,,571548,190848,0.475055,51.59036,f35f5a3e-f7c4-4718-8204-111125ef476c,110001022.9636,85630.4758439723
93,E07000067,Braintree,,577253,227335,0.575911,51.91634,987c2fda-0af5-47a3-b1c8-7017543ef7a0,611707972.276634,168686.280036762
94,E07000068,Brentwood,,558560,196070,0.290091,51.64108,f361e394-0c1c-4d29-8830-ae4042ecc6f2,153124049.543587,72339.3648640895
95,E07000069,Castle Point,,579490,187920,0.588084,51.56159,04553066-277e-42fc-84f3-b1f28a2f5222,44673516.7391281,163436.866816313
96,E07000070,Chelmsford,,572116,206972,0.491177,51.73503,a3fd6740-7da4-423c-8b45-d20b56f06d38,342227523.10643,126395.308774143
97,E07000071,Colchester,,596944,223693,0.859777,51.87702,87099c23-f096-4abf-8f06-daaba26ffa63,332325215.817406,318167.654850105
98,E07000072,Epping Forest,,548919,203758,0.154147,51.71279,46c6a894-f959-4df6-8234-b498cc7e334e,338984123.599457,123273.057417461
99,E07000073,Harlow,,545276,209589,0.103888,51.76614,f410cd3d-a797-4e2c-9fc8-fd42dc3aff07,30537917.1762543,28515.3507176647
100,E07000074,Maldon,,591413,212072,0.773106,51.77458,a91daa6c-c853-49da-9651-f4cc13927bdf,357815639.577393,469757.101657341
101,E07000075,Rochford,,585979,191417,0.683442,51.5909,30971865-c757-4869-9d22-d39bd786c80b,167092822.610886,234542.603502571
102,E07000076,Tendring,,614190,222141,1.108981,51.85674,3cad1de8-9482-4bc6-b9c8-80edcd13ce19,336324345.712639,442534.783635667
103,E07000077,Uttlesford,,557832,228865,0.294485,51.93592,cb87aab4-b39f-424c-8a25-dfcca610adba,641182922.292656,166507.733417474
104,E07000078,Cheltenham,,394925,222232,-2.07515,51.89861,6061ee9c-e385-40c3-9b69-c9bd6d8bff53,46596069.5640182,38230.9516326001
105,E07000079,Cotswold,,402125,208209,-1.97059,51.77255,d9dfbd0f-0ecf-4207-ac58-cc917e7c0edf,1164524408.27798,332444.390575856
106,E07000080,Forest of Dean,,367175,212759,-2.47755,51.81249,a76bf918-7862-4375-ad50-b5cfa966e2b7,525902190.818745,190129.084251616
107,E07000081,Gloucester,,384071,216449,-2.23263,51.84641,61849eac-9b5b-4a54-a5af-2f9fd6c76e81,40553089.0741653,33539.6389322303
108,E07000082,Stroud,,378807,202410,-2.30818,51.72001,69071b83-23a9-405c-83db-588698d5a3ba,460541978.065842,172781.842223823
109,E07000083,Tewkesbury,,386347,226279,-2.19998,51.93485,115c5a0e-2be8-49dc-8d01-d6fe141bba98,414414320.159477,204835.336996448
110,E07000084,Basingstoke and Deane,,454508,151423,-1.22021,51.25937,d8da043b-2dce-4ebc-995a-489888081193,633817174.904499,143437.080139487
111,E07000085,East Hampshire,,474404,129237,-0.93971,51.05765,4f27d6f4-3cf1-4d72-bb16-1871aba08747,514432073.296314,144540.456381259
112,E07000086,Eastleigh,,447202,116802,-1.32943,50.94872,a32cccc9-3556-4b33-9cd5-aa0a2c90140b,79678661.7594032,75889.8183698162
113,E07000087,Fareham,,453774,106319,-1.23742,50.85388,a2d33417-a6ee-43a0-be02-0c751128916c,74256780.9032478,66342.586483933
114,E07000088,Gosport,,458769,101088,-1.16731,50.80636,fe564f7f-f549-41ae-81a6-c400b05396cc,25373864.36689,40198.8783633606
115,E07000089,Hart,,477985,154240,-0.88321,51.28197,4fe89762-22eb-47cb-8b8b-4baf54656288,215265080.736488,77847.6509709792
116,E07000090,Havant,,470178,108564,-1.00398,50.87231,03c373a6-fcf5-4059-b107-ed7000cb806a,55739559.5550423,115625.951907801
117,E07000091,New Forest,,428748,106521,-1.59293,50.85748,b338c83a-e22d-4466-82de-a37478aebac7,752175262.570518,332043.002895275
118,E07000092,Rushmoor,,486022,153944,-0.76807,51.27815,7f5a7e7a-f16a-4ba0-8aea-7e67acfcc689,39045039.9988327,31892.9860931807
119,E07000093,Test Valley,,434930,137329,-1.50214,51.13417,72148bf7-5506-459f-8469-424124a3b2ab,627595194.089409,190816.01168514
120,E07000094,Winchester,,453115,125901,-1.24393,51.03002,0272ee4e-ecdf-4623-a114-29b1bd654c4a,660970091.230888,172157.928469101
121,E07000095,Broxbourne,,534742,204251,-0.05073,51.7208,467b9fc6-711c-4aa5-bce8-03c58cc8cf0c,51442302.8940964,39068.7347762829
122,E07000096,Dacorum,,500084,208745,-0.55098,51.76845,a742c574-0bba-43ea-ab7b-542a6e266925,212476395.569191,110103.603607567
123,E07000098,Hertsmere,,519774,199352,-0.26899,51.68017,64803b3d-7309-4bf7-924d-ce2f4cd19118,101128162.404755,61228.1015167854
124,E07000099,North Hertfordshire,,522192,230256,-0.22314,51.95738,cc3f9710-e7f8-4ee3-bffb-fbb88488dcc9,375382315.75721,168316.641493228
125,E07000102,Three Rivers,,507313,196418,-0.45005,51.65632,a2bdb5f9-a095-46f7-973e-d4b37b20d2b6,88824172.4603958,74112.5121827277
126,E07000103,Watford,,510441,198197,-0.40429,51.6717,7101549c-b002-4f40-8bf1-3884a3f9f846,21430351.4039917,26392.3637917563
127,E07000105,Ashford,,597640,140644,0.823374,51.13096,1d913303-a5cb-4072-9010-9f47d46f42ab,580617311.422043,149446.336252667
128,E07000106,Canterbury,,616032,158096,1.096342,51.28102,4cbe666d-ddea-4470-86fa-526c2ff2bd7e,308752563.33046,134481.533238153
129,E07000107,Dartford,,556167,172917,0.245276,51.43373,69346aeb-8c55-47fe-b9b6-522f37dfcde3,72725578.2278366,57309.3850914059
130,E07000108,Dover,,628964,150942,1.276887,51.21176,2cccd941-9d32-46eb-a832-29d4fa487acc,315337969.559326,148160.693909828
131,E07000109,Gravesham,,566969,169114,0.398744,51.39649,606d6b1a-78b4-4956-87fb-68cc737dab3d,98991344.3912201,60516.7211625426
132,E07000110,Maidstone,,580489,151670,0.584061,51.23566,fd7723b6-0458-48e1-9c6c-e0552b034d5f,393329513.555687,122980.443774681
133,E07000111,Sevenoaks,,552776,155218,0.188936,51.27563,4b81fe1e-fca9-4ecb-9f8b-de7e6d2ba712,370346869.562752,134435.330146171
134,E07000112,Folkestone and Hythe,,610318,134595,1.000795,51.07213,f0e164c6-fdf2-457b-b5a5-a06777f3ddae,356921036.861351,148969.398554026
135,E07000113,Swale,,593583,161818,0.776893,51.32251,f7fc9abf-c7a1-47d8-bb12-cfdefd2ab9e8,373436666.268829,347823.073920435
136,E07000114,Thanet,,631839,166752,1.328226,51.35252,c7762402-6252-48b4-a357-dcfb0a70c7fb,103609163.126335,65351.0799155183
137,E07000115,Tonbridge and Malling,,564014,153898,0.349306,51.26064,5939ebee-d4a9-437f-8d63-f07d3b782c0e,240114269.485329,133211.273866146
138,E07000116,Tunbridge Wells,,573139,136599,0.471632,51.10254,a5baf078-be9a-44f3-9645-05dd697a7157,331328858.204216,150590.348271022
139,E07000117,Burnley,,384886,430882,-2.2308,53.77406,44dc3886-e378-4759-8086-a0a248bb1910,110683998.008865,57764.4790119146
140,E07000118,Chorley,,359189,419724,-2.61921,53.6724,86101a93-1622-40c7-a7fc-8ed5e75414b7,202762136.977539,114515.887165166
141,E07000119,Fylde,,339554,433811,-2.91914,53.79709,0e0a8205-f13b-4424-a9dd-9c83295643a6,165696809.242523,138118.3976187
142,E07000120,Hyndburn,,374407,428971,-2.38964,53.75648,7a1a3db4-c6e8-4eef-a258-32555e278209,73006538.3963776,42726.6455330733
143,E07000121,Lancaster,,356896,464988,-2.6603,54.07901,8a9320f8-6d9c-4187-8ecc-2f1bedcaae89,566931386.991028,345319.329046166
144,E07000122,Pendle,,387637,443368,-2.18957,53.88636,a873a055-38c1-4791-af2f-db4b4bd43626,169380095.937088,79243.6273907022
145,E07000123,Preston,,352825,436432,-2.71809,53.82202,4a5f40bc-abd9-4a48-ad95-5115f1665d7f,142284181.587555,82804.9151529498
146,E07000124,Ribble Valley,,372687,447676,-2.4174,53.9245,b5ed291a-f9a7-4df2-9786-b11e3d90faf5,584462427.345154,150571.019012166
147,E07000125,Rossendale,,382827,420955,-2.26149,53.68478,5f270962-471c-48fd-a90f-7363e40da22f,138040902.83493,71149.6678904944
148,E07000126,South Ribble,,352017,425840,-2.72871,53.72675,9bf5a296-a512-4847-bd50-45a394da2625,113141866.936462,105351.716728635
149,E07000127,West Lancashire,,342611,413270,-2.86893,53.61283,1fd5438b-2d3c-431f-b9ed-14545f24072c,346632973.114281,227324.589989578
150,E07000128,Wyre,,347295,445159,-2.80359,53.89991,a6ba2b5a-8555-4c1a-8d8c-3c8e5be95770,282164810.760468,212730.721154546
151,E07000129,Blaby,,454385,297994,-1.19887,52.57706,1b608524-901d-401a-a73e-af2cf960b595,130468677.480431,100819.772020311
152,E07000130,Charnwood,,458365,316155,-1.13694,52.7399,d0a5019e-f2eb-45d7-b89a-f0f216824e7a,279042273.104355,115474.270424313
153,E07000131,Harborough,,474549,293875,-0.90229,52.53766,5139eac0-38f2-4ea3-9ba1-f7abb2ed2dd0,592692043.934021,185950.639810548
154,E07000132,Hinckley and Bosworth,,439538,301379,-1.41755,52.60877,4c9fdcf1-6bb8-4ed3-9d18-bf3cce9d2d8e,297351487.709793,111545.991773985
155,E07000133,Melton,,477328,323472,-0.8544,52.80329,4dd91792-72a9-4dfa-afa4-e4586daed67d,481380509.624313,140629.285236827
156,E07000134,North West Leicestershire,,439111,316252,-1.42209,52.7425,9e2a3c5a-cd2b-4b1c-b127-692f283a6193,279328076.043144,116453.02578521
157,E07000135,Oadby and Wigston,,461543,299379,-1.093,52.58875,176b58fb-ffb4-42d2-a353-355aa96009ad,23526096.5257263,31171.7329461944
158,E07000136,Boston,,526851,343953,-0.11218,52.97794,266a944b-5a6e-4a12-9f94-dc3304d1a5ef,364008573.376831,440527.091352853
159,E07000137,East Lindsey,,534861,376064,0.020516,53.26446,baaf0af7-e683-4e9d-a1b7-4d485ed43062,1766773259.03537,373175.487592905
160,E07000138,Lincoln,,496347,370096,-0.55848,53.21921,ace9f83a-41d3-4fb4-b402-5584a1efe45c,35690274.4632416,32969.7629878016
161,E07000139,North Kesteven,,502135,354788,-0.4767,53.08058,248d9186-3739-4e74-9008-35a78a436d36,922471383.408615,181807.630394148
162,E07000140,South Holland,,532910,322928,-0.03057,52.78758,e797bb23-f0db-4b8c-808f-c1a53f7ef575,750076114.073624,438385.626571411
163,E07000141,South Kesteven,,501406,328986,-0.49565,52.84885,1c217531-233c-41d6-b3da-01f0a890a306,942585798.373444,209816.236294167
164,E07000142,West Lindsey,,499314,390326,-0.50774,53.40044,0e983ee8-f99e-4927-93ff-abb3cbc5896a,1155731961.18358,249630.480178222
165,E07000143,Breckland,,591015,303330,0.818716,52.59421,742c23ba-0f9c-4b4b-b35b-4f87c532a910,1305116638.26154,239527.48442548
166,E07000144,Broadland,,619864,315909,1.252317,52.69622,0a99588a-a3c2-4eb4-a301-472d3dbb19af,552060635.568771,219128.148673154
167,E07000145,Great Yarmouth,,646761,315881,1.64951,52.68439,17fa8fd8-fc8a-444c-868a-66b0f2b72bfa,174314101.655975,145908.017098499
168,E07000146,King's Lynn and West Norfolk,,571219,315805,0.533243,52.71283,66a5df1d-5073-4881-a681-0d87abe98996,1439522738.02139,695922.61144504
169,E07000147,North Norfolk,,611076,330857,1.132099,52.83389,c23f6ae9-976e-4770-a856-b9471287059d,967553195.426819,600214.69202561
170,E07000148,Norwich,,622355,309773,1.284979,52.64013,319af59d-210a-4413-8799-d3b215cab694,39021966.2861481,52686.5007648366
171,E07000149,South Norfolk,,628990,295823,1.373233,52.51218,5f36bdcc-1e21-4aa8-8f3b-cc6d198058f8,907576581.387955,266872.270403056
172,E07000163,Craven,,389513,461989,-2.16168,54.05376,f261fe6e-a689-4c53-80b8-3d6ead11e0f4,1178807442.73689,199883.569852491
173,E07000164,Hambleton,,443009,490546,-1.34049,54.30872,db4a0909-0d22-4eaf-a980-47545b7d51ad,1311242676.26678,298549.716150029
174,E07000165,Harrogate,,427473,464652,-1.58161,54.07708,17818438-bcdd-4e04-a7ea-6cf45602ef38,1309117894.68939,246983.783503523
175,E07000166,Richmondshire,,401039,495786,-1.98552,54.35761,0ca86635-deb0-4350-9d61-be2a9e7b31ee,1318702675.0249,221695.052013126
176,E07000167,Ryedale,,475590,478890,-0.84277,54.20021,9c4e4c90-d00a-435d-986c-0d85249f0c73,1506594092.81944,249873.201632971
177,E07000168,Scarborough,,495798,495548,-0.52778,54.3465,fcd0e113-7eef-4950-a883-802af4af310c,816188424.700211,241939.621096429
178,E07000169,Selby,,457551,426670,-1.12908,53.73327,3e388919-d627-4edd-a3e7-6ad176576da1,599315524.903275,264847.131710104
179,E07000170,Ashfield,,450035,355843,-1.25422,53.09747,03b3d621-c860-4dae-b7f6-8721dc72515f,109557941.222733,69174.7010836954
180,E07000171,Bassetlaw,,468073,384835,-0.9787,53.35604,256ca609-d4d8-4d7d-980e-b41ac0d02d89,637803646.750473,159734.427115588
181,E07000172,Broxtowe,,449829,341893,-1.25944,52.9721,b569ef4d-153f-492f-b6e6-0b46dbe141b6,80098842.6462555,65999.6165048591
182,E07000173,Gedling,,459184,347811,-1.11907,53.02434,63f23ca9-bd4b-49b7-8280-bcd0b021e7d6,119981506.141388,69754.3805457455
183,E07000174,Mansfield,,455047,363637,-1.17804,53.16703,7c25223b-4918-4bb7-8001-2e6013ca8cf3,76696899.0271759,51090.8148505841
184,E07000175,Newark and Sherwood,,470624,357451,-0.94643,53.1096,5d607196-72fe-47ac-b086-1ada10bbed99,651340472.18425,187422.294092544
185,E07000176,Rushcliffe,,466606,335453,-1.01097,52.9124,09bf7a09-73c0-403e-974d-f309b84b9c06,409231535.975937,123324.204812503
186,E07000177,Cherwell,,449301,221201,-1.28506,51.8872,a679084f-b5b2-4cd8-96d2-ee2bb6a262e8,588741166.442505,225626.040390185
187,E07000178,Oxford,,452277,206368,-1.24405,51.75357,91b89e54-2ddd-4aad-a0d3-fe3b6f2e1c7a,45602916.3576279,34999.5348550061
188,E07000179,South Oxfordshire,,463890,191964,-1.07847,51.62288,e2eaa2cb-76ad-4f62-91a8-cec780a6993c,678521424.508331,205399.796379623
189,E07000180,Vale of White Horse,,435693,195197,-1.48543,51.65443,a02a6185-e50f-41d3-9ec6-08b9764f6053,578660266.643173,175976.842181864
190,E07000181,West Oxfordshire,,434343,215816,-1.50292,51.8399,742332e3-2ae7-4ab8-8bc8-9cd37922650b,714422027.377594,160247.497018012
191,E07000187,Mendip,,362238,144090,-2.54178,51.19476,ff8c0688-0728-4d30-8f2d-36a9e7de2fca,739435425.721313,198849.803772948
192,E07000188,Sedgemoor,,338429,143998,-2.88246,51.19186,c71e607d-6c49-4008-89d3-3ead14e2a242,564223845.124126,258006.977750277
193,E07000189,South Somerset,,345633,120798,-2.77588,50.98399,7ae41df6-0a92-40aa-9e3b-b8267b6dd2d1,959040235.642868,241316.735903672
194,E07000192,Cannock Chase,,401261,311553,-1.98277,52.70166,b9b88fdf-b543-4bf1-bc05-24377587b52f,78882571.1931686,50127.5676827054
195,E07000193,East Staffordshire,,412601,326569,-1.81438,52.83651,d73b9d61-2b7e-4048-8b24-7b411c3a01dd,389987162.339035,183696.080171671
196,E07000194,Lichfield,,416283,310967,-1.76049,52.69615,35cfc33d-4e66-42aa-90ae-31a25d281846,331294331.289627,127468.123665333
197,E07000195,Newcastle-under-Lyme,,378199,345174,-2.32631,53.00345,270532da-ffe2-4894-a579-4aabda02b48c,210957320.579865,108258.877906413
198,E07000196,South Staffordshire,,389625,311037,-2.15495,52.69692,96b44e34-e307-42b1-90dd-89aa0166bfde,407322253.063065,184894.034988598
199,E07000197,Stafford,,389001,327836,-2.16475,52.84792,ea4b565e-25d3-4a17-9eb1-0afb7d919900,598172232.706764,159078.504004003
200,E07000198,Staffordshire Moorlands,,400543,352443,-1.99334,53.06924,b348500c-db76-4cb3-813b-cd021f9cc4d5,575849820.397621,152448.005729777
201,E07000199,Tamworth,,421455,302550,-1.68451,52.62031,a829f318-27bc-4ac9-a199-a8fb98111404,30850718.76548,30729.9145727779
202,E07000200,Babergh,,599987,244692,0.916149,52.0645,a1089e86-e881-43dd-b538-8f1c55f7e12a,595116562.536148,210447.779062672
203,E07000202,Ipswich,,617161,244456,1.166145,52.05592,4e1683f5-870d-4731-ae28-902cf177b657,39509795.4510498,45342.2917616399
204,E07000203,Mid Suffolk,,611646,262338,1.096953,52.21859,9f12baa3-3809-4cb9-8709-dc095c22531a,871070646.005127,191154.578858461
205,E07000207,Elmbridge,,511882,163658,-0.39441,51.36098,0a082318-5e43-4805-bb79-1b22a90c86ca,96334274.6957779,52205.9992807471
206,E07000208,Epsom and Ewell,,521176,161475,-0.26172,51.33945,02d5860a-46db-4f28-be20-441634e6ec1e,34079152.8424225,28503.6676331565
207,E07000209,Guildford,,500408,151481,-0.56257,51.25366,5e6c7801-80d5-4ea6-84b6-45a5e586a5d1,270931187.387306,128414.098855641
208,E07000210,Mole Valley,,518377,148953,-0.30603,51.22749,4611dac7-bf80-4792-8b2e-2dd0a7d404b4,258320952.516853,105402.687786554
209,E07000211,Reigate and Banstead,,525786,152574,-0.19871,51.25846,2dabce9b-f7c3-4a73-ad77-f60aa0793871,129143924.297302,79923.5079804309
210,E07000212,Runnymede,,501777,166979,-0.53855,51.39273,b49425a3-ca58-4130-baad-2208c3e47aba,78040686.6911774,45677.2898592863
211,E07000213,Spelthorne,,507012,169622,-0.46254,51.41552,9d19c64e-33bb-49b1-a83d-c9e04ff375ac,51161362.6650543,44134.4491837053
212,E07000214,Surrey Heath,,491362,160483,-0.68986,51.3361,c65c3e79-2faf-4af4-8b8f-b0572f10c258,95092959.2525024,53559.6224961713
213,E07000215,Tandridge,,536365,150325,-0.04805,51.23581,af3ca80e-dbbf-4f0d-ae71-f0512c551f82,248194569.761368,83136.7824737629
214,E07000216,Waverley,,496363,140635,-0.62343,51.15686,2a236038-56a6-4b62-9b96-c7f5933aa344,345170238.030392,125435.762711868
215,E07000217,Woking,,499087,157542,-0.57982,51.30837,2ac50fd0-1a02-4878-8268-78af520c16c4,63603603.4637375,54781.3272127087
216,E07000218,North Warwickshire,,425570,296399,-1.6242,52.56484,488caa57-53b7-47c4-9c4b-45f47f65038b,284261502.743011,113230.423180909
217,E07000219,Nuneaton and Bedworth,,435419,289352,-1.47965,52.50094,66336fc9-9442-4bbc-b36d-4c78ada64691,78950291.6450729,48148.5849617252
218,E07000220,Rugby,,446498,276244,-1.31828,52.38228,cc70447d-431d-405f-bdbb-b2d3d06de6de,353557288.510536,115093.419606898
219,E07000221,Stratford-on-Avon,,425019,251536,-1.63565,52.16154,f51c7d1f-b592-4a45-8646-92fe3dacedb6,977869055.570435,261383.673616721
220,E07000222,Warwick,,428484,267113,-1.58369,52.30142,f4732695-c121-4256-a1d3-841a29a482f5,282882319.745018,116717.12723474
221,E07000223,Adur,,518076,106472,-0.32417,50.84572,d1ac189e-4741-4c65-914d-4468a76dcca5,42065494.4624748,60515.6323454368
222,E07000224,Arun,,495144,105723,-0.64999,50.84321,43362bb0-7ad9-4fca-9b64-d6e6a5f23040,220991201.218742,156497.760289445
223,E07000225,Chichester,,490285,116600,-0.7163,50.94177,4f7e01a2-f932-4ca5-929a-7ccea0fb87a7,786194857.396748,297274.810350626
224,E07000226,Crawley,,526390,137581,-0.19533,51.12357,0dc6af62-3d39-46b4-96bf-a4fcc5776663,44971203.1522369,38799.4149296304
225,E07000227,Horsham,,513674,123840,-0.38126,51.00272,31ef45cd-f1b1-4a37-a0b3-5a77ad159596,530278365.070137,215759.513693579
226,E07000228,Mid Sussex,,533054,130623,-0.10272,51.05953,578c1f72-776c-4e6e-a5db-440051232cf6,334029226.734478,132912.176488487
227,E07000229,Worthing,,512679,104948,-0.40127,50.8331,512c4508-7bcd-47ae-80b8-0302fa7587d2,32521008.0470238,29462.0951932159
228,E07000234,Bromsgrove,,399840,273736,-2.00376,52.36169,a74d6f5c-4d80-4e2d-bbea-80d8982d075a,216968481.006905,113135.305965417
229,E07000235,Malvern Hills,,377465,252197,-2.33089,52.16758,15f62238-ccad-464c-b7d3-a94a0f25814b,577070979.601952,230605.355251964
230,E07000236,Redditch,,403705,265253,-1.9471,52.28541,af8f9d95-16c5-415e-b6b0-26ad418c24b4,54250911.9179382,41301.7560073474
231,E07000237,Worcester,,385725,255196,-2.21025,52.19482,25c99584-1fdd-4772-a249-4f6e51e7094c,33278125.0236053,31263.0662757778
232,E07000238,Wychavon,,398991,247839,-2.01614,52.12886,c992933c-39e8-4f9c-b58f-c6a6068b00e3,663541973.452621,219519.701324355
233,E07000239,Wyre Forest,,384106,276388,-2.23494,52.3853,316d422f-a58a-44be-b688-8c920f289fcb,195403721.028099,100867.075355581
234,E07000240,St Albans,,514580,209623,-0.3407,51.77356,17f96c8a-de26-43ae-8d1f-8acf37bfbbc6,161205874.244164,72946.2848058614
235,E07000241,Welwyn Hatfield,,525345,208467,-0.18518,51.76087,1dbc26f1-280a-40b0-83e8-56d0f9393f46,129536896.518295,82391.9829968341
236,E07000242,East Hertfordshire,,537995,220370,0.002739,51.86485,b1bc5b79-faab-40a7-a749-d9bc63c21abc,475669102.36454,135188.178395544
237,E07000243,Stevenage,,524622,224531,-0.18987,51.90539,19af70c9-1495-4bf4-9da3-202ab580aeaf,25969241.2793503,28588.26135758
238,E07000244,East Suffolk,,636043,266272,1.456186,52.24399,791f55cf-8679-434b-8d7c-998c9c4c831b,1260989579.41367,584790.287547837
239,E07000245,West Suffolk,,580944,271124,0.652769,52.30842,169c0812-acd8-4f1c-bb1a-b7b485d71be1,1034675782.90302,274547.455563971
240,E07000246,Somerset West and Taunton,,304960,130228,-3.35766,51.06348,10ba4ccd-443d-4a3d-b135-6cdc03fdbed8,1189084425.68258,288679.023924563
241,E08000001,Bolton,,368352,409873,-2.47952,53.58449,18af6aad-55ed-4d31-8ff8-31c3eb21d2a9,139792042.627411,82647.1577312719
242,E08000002,Bury,,379658,410768,-2.3088,53.5931,f165edbd-999a-4d5e-8293-faaae5ff8d92,99460126.8785248,68541.6884111014
243,E08000003,Manchester,,384591,397063,-2.23359,53.47009,604c47d5-aabc-4bc1-a62e-d75316aa4b40,115648368.019409,86856.3996573041
244,E08000004,Oldham,,396603,406784,-2.05274,53.55768,31ba56b6-884e-4736-9cf4-923e68e1d82d,142344917.444534,71165.7204608287
245,E08000005,Rochdale,,390315,412326,-2.14784,53.60741,20dace3d-1b75-4b91-adc7-d15d174cd941,158128175.388794,82713.1445559286
246,E08000006,Salford,,374556,398128,-2.38485,53.47927,0d29d9d0-51e5-4b07-8e87-bf6273deab39,97197278.4969788,63268.7415921378
247,E08000007,Stockport,,391806,388264,-2.12467,53.39116,14bc1908-3839-48c0-82e2-898f12c5e4be,126040311.275833,73638.5557808955
248,E08000008,Tameside,,394987,397995,-2.077,53.47867,9a27ba06-cde8-4942-bbb5-cb63a9fd24d8,103154292.986191,55988.9762213639
249,E08000009,Trafford,,375790,391162,-2.36572,53.41671,2c2db90e-b357-4e9c-835c-f587c0d61ed2,106044612.389526,60718.087212357
250,E08000010,Wigan,,362136,402126,-2.57247,53.51445,54d8976e-e105-442c-ad28-09b678f4be3f,188171012.467972,88690.3858142559
251,E08000011,Knowsley,,344762,393778,-2.83297,53.43788,7d176692-ba9c-484e-806b-0702a6920313,86500060.7558289,68167.3691636951
252,E08000012,Liverpool,,339361,390553,-2.91364,53.4083,ed4554f7-4600-4965-b9ff-517c26ce3563,111835572.362038,62699.7487831678
253,E08000013,St. Helens,,353412,395992,-2.7031,53.45862,a4a91e7d-3cf6-43de-9683-cfa4cb40ccb5,136358793.482689,76386.889589881
254,E08000014,Sefton,,334282,398832,-2.99177,53.4821,b7cdc76c-810e-4658-a1bd-f5d2e33bc2da,156578243.923325,130345.752802742
255,E08000015,Wirral,,329110,386965,-3.06701,53.37478,0f504762-3d76-4168-a3f2-995a1fb2c6bf,160922013.98925,133924.408539141
256,E08000016,Barnsley,,429979,403327,-1.54925,53.52577,311bb6dc-b2bf-4f12-9fde-5abe5b0ea2a5,329077594.50322,126421.141156487
257,E08000017,Doncaster,,459167,403735,-1.10894,53.52697,840d0e59-a8ee-4107-95ec-d85546a9eea3,568006405.286972,171114.48848027
258,E08000018,Rotherham,,447542,388980,-1.28651,53.39553,0fdc8031-398d-4601-af3f-0a67cd848277,286534366.876373,106151.90384443
259,E08000019,Sheffield,,430511,389736,-1.54254,53.40358,b41b2146-378e-4b09-b227-3d068bad2109,367930013.45134,132837.066229986
260,E08000021,Newcastle upon Tyne,,422287,569661,-1.65297,55.021,7292481c-7085-4b8a-b7bc-ffa392c97d6f,113446877.565033,65224.1224978585
261,E08000022,North Tyneside,,431471,570602,-1.50923,55.02896,09813629-55d1-4a11-9e03-239ae10ed754,82311584.9256287,65347.6718882176
262,E08000023,South Tyneside,,435514,564057,-1.44679,54.96988,b738e225-2e10-464a-96b8-ec7310b2e2d8,64420348.6390686,51335.2667794194
263,E08000024,Sunderland,,436470,551524,-1.43344,54.85719,3ded41a0-6746-4432-91c6-4bea64c7cdc6,137436258.071594,99824.6252634882
264,E08000025,Birmingham,,408150,287352,-1.88141,52.48404,46824f47-58eb-47ab-a8c8-6e812092c02c,267791058.798279,106260.619497994
265,E08000026,Coventry,,432807,279689,-1.51908,52.41423,0874e4d7-5ac4-43b7-9a86-df1f219ecc15,98639060.6567917,54057.1910587663
266,E08000027,Dudley,,393191,288584,-2.10171,52.49513,f1c01e4c-ba9e-4a5b-8717-ba115eedbf1d,97958243.341011,75382.2802756357
267,E08000028,Sandwell,,399573,290764,-2.00771,52.51477,5ee08f6c-dfda-456e-a2df-f1034db8e419,85558927.8994293,59211.0011310175
268,E08000029,Solihull,,419434,281483,-1.71558,52.431,c68a922a-51fe-4098-b55c-ab36b6cc7183,178282117.055634,101031.275128473
269,E08000030,Walsall,,402098,300804,-1.97044,52.60503,63d4f599-f3fa-4943-a0e6-460a18e89836,103973538.34642,59401.1794285967
270,E08000031,Wolverhampton,,391463,300016,-2.12746,52.59788,9153a77c-24d3-4151-95a1-2983eb859fdc,69436709.4773865,56054.7886611397
271,E08000032,Bradford,,408395,438626,-1.87389,53.84382,12851ccd-1cc1-4a7a-82ba-29f017749994,366419745.437027,135920.365236872
272,E08000033,Calderdale,,402617,424896,-1.96182,53.72048,7783ae4e-76db-42ad-b6c1-531350df7164,363960992.684967,107687.187293662
273,E08000034,Kirklees,,414586,416223,-1.78085,53.64233,6c5c21cf-fbb3-4ea4-a954-a05c3678989f,408551660.797684,125668.277769938
274,E08000035,Leeds,,432528,436384,-1.50736,53.82273,d87b794d-ddfb-41b5-87d2-e958c4a19413,551706535.832367,161521.735517059
275,E08000036,Wakefield,,438366,418235,-1.42092,53.65922,62bcc5bd-48a0-42bd-a69f-b43a30cc51aa,338619733.848053,109447.28637914
276,E08000037,Gateshead,,420159,559652,-1.68694,54.93115,120f7c90-000d-4840-94d4-7ece252af5d0,142354807.584579,89794.062372049
277,E09000001,City of London,,532382,181358,-0.09351,51.51564,4c6bde7b-2dce-41ef-a5be-ff3e001d2052,2889678.82288361,9404.60040928951
278,E09000002,Barking and Dagenham,,547757,185111,0.129479,51.54555,328f185c-c5ef-446c-9519-aa83177d524d,36101367.4379044,40903.0061195047
279,E09000003,Barnet,,523473,191752,-0.21819,51.61107,81f2f1e6-d68f-41c7-80fd-c8aef7eb4870,86766703.2361679,50937.7781770676
280,E09000004,Bexley,,549202,175434,0.146212,51.45822,b093597c-1bdc-409d-b1e8-cc502c9c4a69,60578408.3853989,47959.4902384453
281,E09000005,Brent,,519615,186465,-0.27568,51.56438,a470b107-725f-47a2-a339-d0a5a6bb505a,43236364.5000534,38441.4621103204
282,E09000006,Bromley,,542036,165707,0.039246,51.37266,44579be8-03df-4e38-9c38-379ce1a5e99f,150132482.603828,76225.7196547584
283,E09000007,Camden,,527491,184283,-0.16291,51.54305,8a088a35-2a55-4a42-8be6-01a31cbac879,21778579.6558762,26245.739181562
284,E09000008,Croydon,,533922,164744,-0.07761,51.36597,31d1741d-e4ae-43e8-aa78-ceb50bd62b7d,86488720.6604156,58721.1957720399
285,E09000009,Ealing,,517055,181959,-0.3141,51.52442,2cd4f9d2-5a5f-4fed-a1e8-896e7688db59,55542068.9728394,47461.4174836169
286,E09000010,Enfield,,532831,196198,-0.08144,51.64889,54492dc9-2e90-43e3-be30-386eaeaba4dc,82190329.698349,41091.4717649012
287,E09000011,Greenwich,,542507,175878,0.050093,51.46394,6399be80-8cd6-4616-b499-a60188855c66,47311233.3829956,47635.2867733162
288,E09000012,Hackney,,534560,185787,-0.06045,51.55492,44e9e197-371e-4d90-952b-2fcc8e2a5cd5,19043878.1759109,25441.8544430665
289,E09000013,Hammersmith and Fulham,,523867,177993,-0.21735,51.48733,386bda42-432e-47ad-a44d-23206fda81c6,16403288.6433716,24008.09587154
290,E09000014,Haringey,,531260,189349,-0.1067,51.58771,6c2ab332-3a21-4efa-89b0-34076a81e011,29606188.7568893,29085.5089573246
291,E09000015,Harrow,,515359,189736,-0.33598,51.59467,7d0388a1-200e-42ac-bbf2-a38dfa62e06b,50464270.3934402,33811.7912858702
292,E09000016,Havering,,555032,187514,0.235368,51.56519,cbfcdb8a-5471-44da-b8c8-a40bb44091f8,112343558.253273,63722.7137240532
293,E09000017,Hillingdon,,508166,183121,-0.44182,51.53664,59e3178f-146e-4939-a441-a7248ea57ece,115704359.838921,63941.0212862206
294,E09000018,Hounslow,,512737,174959,-0.37855,51.46238,85a55eea-ed66-491e-9cf9-f6a48139862d,55962868.5599976,64533.8036505847
295,E09000019,Islington,,531160,184645,-0.10989,51.54546,99f9df2f-40f4-4a3f-8549-47488307f8b6,14858041.7195892,20747.740080408
296,E09000020,Kensington and Chelsea,,525756,179058,-0.18977,51.49648,12917555-f766-4058-a328-5c989b75b72f,12123771.9000549,21062.9409676591
297,E09000021,Kingston upon Thames,,519508,167389,-0.28367,51.39296,157836c8-9f55-472d-9501-f718e30e3a7e,37259416.9783936,37549.9217180313
298,E09000022,Lambeth,,531118,175629,-0.11385,51.46445,49ac92ca-aaed-4a85-a0fa-170058ff67dc,26807014.5285568,34048.7120363
299,E09000023,Lewisham,,537888,173343,-0.01734,51.4423,0867dc21-b12b-4585-8c13-aa3cedb13191,35146120.5133514,41214.8903254513
300,E09000024,Merton,,526068,169508,-0.18868,51.41058,b1dcac0b-6c9a-464b-9dfc-1fbb825fd20e,37624038.2783279,32439.5336737715
301,E09000025,Newham,,540713,183346,0.027261,51.53149,57be5b69-0884-44a4-877f-e9fb886753bd,36195900.4258423,35876.1449410931
302,E09000026,Redbridge,,543512,189477,0.070085,51.58588,e341a775-f64d-4078-8589-44c1100892b8,56397395.0131073,50492.9387840988
303,E09000027,Richmond upon Thames,,519005,172650,-0.28914,51.44035,3fafe9a8-191f-4b8a-a9d5-8613339ea53d,57392803.72155,68932.8489734006
304,E09000028,Southwark,,533945,175869,-0.07308,51.46594,2ea27092-324a-418c-b639-fd37848c1325,28877697.1058502,34596.3421579807
305,E09000029,Sutton,,527357,163639,-0.17226,51.35755,2c04baaf-d129-4440-b033-4e9e6935ba0f,43847690.3312454,39927.9157122329
306,E09000030,Tower Hamlets,,536340,181452,-0.03647,51.51554,855a9b25-e078-4084-b369-ef8f1fbf56ca,19770868.2225037,28755.006273148
307,E09000031,Waltham Forest,,537328,190278,-0.0188,51.59461,8cf59aaa-3cec-43e8-898e-ac4c0b122a45,38810231.0118637,33346.5752711045
308,E09000032,Wandsworth,,525152,174138,-0.20021,51.4524,3663eaf3-7734-4281-b40f-16a0a23b385f,34261867.3393478,38839.8585877928
309,E09000033,Westminster,,528268,180871,-0.15295,51.51221,68e031ca-5a24-4fbe-9a25-5af8d09aaa43,21482611.1977997,27534.1316680137
310,S12000005,Clackmannanshire,,291178,696402,-3.75316,56.14784,fe28f14c-c1e9-407e-b831-0c14bcc44db3,159185046.780563,96934.5372320524
311,S12000006,Dumfries and Galloway,,270645,579856,-4.02863,55.09621,5bea59b1-a954-4160-9647-3dd675510a92,6436566764.09637,1207100.79655474
312,S12000008,East Ayrshire,,255398,624935,-4.29057,55.49674,62bea1c0-cf7f-4765-afbd-12d83b4d6966,1270342032.21393,340964.440963998
313,S12000010,East Lothian,,354854,672351,-2.72435,55.94207,93d50a4c-28e0-43c0-a2ef-30c875a226d7,679240892.618149,202128.872658249
314,S12000011,East Renfrewshire,,251929,653115,-4.3606,55.74868,d1bf8b36-82c4-4c07-bdb4-3b59d0118f43,174249494.081558,93882.4298837802
315,S12000013,Na h-Eileanan Siar,,126473,932862,-6.65722,58.19938,a777f5ad-20ff-46f5-9541-60f398d4ffc0,3096614749.10964,3871068.33882014
316,S12000014,Falkirk,,285585,680168,-3.83619,56.00075,005b8834-91b5-43d2-b67f-b4d9f59f945d,297127560.13887,169062.826125422
317,S12000017,Highland,,241018,858292,-4.66103,57.58657,7136edbb-3ca0-40cb-bdbd-d321851bbb84,26158744575.5114,5228313.52755572
318,S12000018,Inverclyde,,227922,670894,-4.75387,55.9003,2b03ec74-1bb0-483e-8992-e008ad9f71f7,161948856.608322,79292.118858613
319,S12000019,Midlothian,,330088,659217,-3.11738,55.82111,5efda081-f86f-4f22-b1f9-37432c13e532,355271578.325897,126470.990462398
320,S12000020,Moray,,328015,843590,-3.20202,57.4768,4f9c7ac3-9029-4cf7-b09c-8547f3d81e55,2237554237.47304,463278.21810875
321,S12000021,North Ayrshire,,228996,651640,-4.7246,55.72789,071945b3-8da1-4006-9de4-91e631a130ef,885284942.955383,350167.481325779
322,S12000023,Orkney Islands,,348293,1006584,-2.90025,58.94334,412067ff-df4a-4b23-8c87-f34737fd320f,1015036193.36963,1203117.00914489
323,S12000026,Scottish Borders,,345889,626137,-2.85869,55.52595,f988e14d-e83f-4f70-a33d-d475f0191538,4739167854.45145,514330.561763589
324,S12000027,Shetland Islands,,434516,1180307,-1.37344,60.50495,aef7f92f-1e0e-471c-a03e-90ecabb3d840,1468514416.85117,2321876.16010241
325,S12000028,South Ayrshire,,226545,596271,-4.72899,55.23008,e1346414-2b6f-4232-9259-3f2553333145,1224369285.16642,334722.079696847
326,S12000029,South Lanarkshire,,284634,636071,-3.83272,55.60453,55db50b8-88d0-4a5f-9650-fcd1aa11634b,1773897195.34454,284527.322494954
327,S12000030,Stirling,,255980,708769,-4.32595,56.24953,21caa449-2761-4317-98ec-626fe7e46a65,2252533429.02213,374946.182274351
328,S12000033,Aberdeen City,,387763,808479,-2.20398,57.16697,1768ba9a-fd68-469a-83f8-75d426eb6e90,185566198.963501,123490.692834601
329,S12000034,Aberdeenshire,,352284,816277,-2.79208,57.23469,d77722a3-01eb-4991-ad00-f9c6351ad791,6318011418.76749,795104.459048163
330,S12000035,Argyll and Bute,,200740,715443,-5.22114,56.28944,606e3932-bc4a-42f0-b44d-28061c2e5a70,7005854069.48919,3795946.11257698
331,S12000036,City of Edinburgh,,320193,669417,-3.27826,55.9112,d1d093f5-bfae-441e-9a01-b2ec27e68a32,263390596.412094,110339.006536691
332,S12000038,Renfrewshire,,239305,664698,-4.56834,55.84862,5092be91-26af-4831-9bf7-f2e9ffaf9cd5,261487693.124023,131636.108048527
333,S12000039,West Dunbartonshire,,242904,681586,-4.52074,56.0014,8886e3f3-8308-4b6e-b76b-3569a1258f42,177320342.664597,103696.856598265
334,S12000040,West Lothian,,299483,668514,-3.60909,55.8992,22eb251b-a20c-49b9-b12d-c29fb42428d8,428772888.987823,134896.994739104
335,S12000041,Angus,,345506,759636,-2.8921,56.72518,b4474411-922b-4169-8cc1-13e427e39172,2184982991.10056,328926.663947585
336,S12000042,Dundee City,,340291,732145,-2.97095,56.4776,c0308f3b-ee0a-4e70-a8c1-ca5e45ae915c,59800691.085083,47831.2210168885
337,S12000045,East Dunbartonshire,,261240,676154,-4.22417,55.95829,6d0ef7b2-8971-4284-afcb-3e0ae76418fc,174489023.42247,99602.3601592651
338,S12000047,Fife,,339187,704721,-2.98251,56.23112,d4241ad9-3921-4eea-bc67-2dffa0a33999,1325190177.81909,358326.920220923
339,S12000048,Perth and Kinross,,284302,744185,-3.88484,56.57528,2722f74f-fe17-4c50-87df-69eb72df6a69,5383770897.17082,633252.328522909
340,S12000049,Glasgow City,,261534,667033,-4.21479,55.87649,73732c2a-e0b3-4304-925d-bfbea968b7fa,174621293.706604,135582.99800793
341,S12000050,North Lanarkshire,,277984,665608,-3.9514,55.86814,aec5b66d-f880-4721-9979-445ad255b0d2,472309075.163071,163984.671595743
342,W06000001,Isle of Anglesey,Ynys MÃ´n,245217,378331,-4.32298,53.27931,dbc48b9d-e895-4b12-99a1-9898cb702329,715212566.824203,378962.153549836
343,W06000002,Gwynedd,Gwynedd,280555,334966,-3.77715,52.89883,dffe5a97-03cc-49f1-a596-812f2422f85f,2548293001.49232,643031.186078295
344,W06000003,Conwy,Conwy,283293,362563,-3.74646,53.14739,c13bfc14-2425-451a-a120-c72827f1ac67,1130178952.57072,283264.262204981
345,W06000004,Denbighshire,Sir Ddinbych,309843,355416,-3.34761,53.08833,2d9f47ae-21a1-4fa8-a951-d1a6f03419e5,838716186.145126,228754.688991224
346,W06000005,Flintshire,Sir y Fflint,321134,369280,-3.18248,53.21471,4f8ac53f-41e4-4b27-bdd2-b6ee37748f3d,439830286.775932,239008.264926854
347,W06000006,Wrexham,Wrecsam,333523,345387,-2.99203,53.00167,5a3c7f16-c3d1-4dde-9c95-f7379087c549,503773487.932762,190040.487574014
348,W06000008,Ceredigion,Ceredigion,267127,268437,-3.94993,52.29795,5aa1bd91-4d73-42df-890d-2ccdd0867afe,1788379278.20161,382134.551623005
349,W06000009,Pembrokeshire,Sir Benfro,199821,221392,-4.90818,51.85513,21b75d23-fb56-4333-ac4d-9bc0c68a9cf8,1618344602.56798,743271.411676899
350,W06000010,Carmarthenshire,Sir Gaerfyrddin,247954,224133,-4.2111,51.89495,f0741c8f-5c45-42d7-9bf9-53006b32542a,2371104004.2416,591758.358208379
351,W06000011,Swansea,Abertawe,264022,197308,-3.96723,51.65806,bcb1fbc6-81b3-4236-94e9-6316790171ad,377614559.601128,270826.91229845
352,W06000012,Neath Port Talbot,Castell-nedd Port Talbot,279261,195412,-3.74638,51.6445,6e66bd5c-96ff-44b4-ad99-558b6c70abda,442272615.121151,182189.873896437
353,W06000013,Bridgend,Pen-y-bont ar Ogwr,288231,185870,-3.61375,51.5606,42cdd599-ed8a-4ad5-89eb-07e261cc8441,250785304.37994,93192.1892347875
354,W06000014,Vale of Glamorgan,Bro Morgannwg,302947,173080,-3.39801,51.44836,e23cb760-8a7a-4595-842b-352932185812,331261393.923573,108403.096935856
355,W06000015,Cardiff,Caerdydd,315272,178887,-3.22209,51.50254,fc7a52a7-94af-4b3c-a571-27021d34c5ec,142303624.581406,79618.4229383758
356,W06000016,Rhondda Cynon Taf,Rhondda Cynon Taf,302237,192395,-3.41359,51.62185,436a2f95-de36-4d88-8e4d-0af1a0cd390c,424150424.955551,130240.624602837
357,W06000018,Caerphilly,Caerffili,317245,195259,-3.19753,51.65001,37659dcc-6b20-4c0f-96ee-d50ff720b55c,277387820.795345,116205.600666614
358,W06000019,Blaenau Gwent,Blaenau Gwent,318236,206771,-3.18592,51.75364,a7c33925-2b78-4d9f-8e82-5c3eb912afe3,108728048.165253,65601.6744409075
359,W06000020,Torfaen,Torfaen,327459,200480,-3.05101,51.69836,5236d7c9-0915-4b85-892f-e20c75a88af6,126239927.867481,82544.7709799913
360,W06000021,Monmouthshire,Sir Fynwy,337812,209231,-2.9028,51.77827,de1a5dcb-a91e-40bf-b3b3-3e13eed9203f,850326621.679863,224917.242780518
361,W06000022,Newport,Casnewydd,337897,187432,-2.89769,51.58231,a1ae351c-86e5-4cd8-9a76-88563a52c817,190431130.834728,153216.300044048
362,W06000023,Powys,Powys,302329,273255,-3.43531,52.34864,5cb7e231-ad03-40d5-9f64-1e0fbeb6db4b,5195311014.48947,610121.315602947
363,W06000024,Merthyr Tydfil,Merthyr Tudful,305916,206424,-3.36425,51.74858,36b84b56-ae19-4824-ba04-1bde550bb313,111957012.02029,66696.8154449643